id,imdb_id,title,tagline,overview,poster_path,backdrop_path,release_date,vote_average,vote_count,genres,budget,revenue,runtime
278,tt0111161,The Shawshank Redemption,Fear can hold you prisoner. Hope can set you free.,"Imprisoned in the 1940s for the double murder of his wife and her lover, upstanding banker Andy Dufresne begins a new life at the Shawshank prison, where he puts his accounting skills to work for an amoral warden. During his long stretch in prison, Dufresne comes to be admired by the other inmates -- including an older prisoner named Red -- for his integrity and unquenchable sense of hope.",/9cqNxx0GxF0bflZmeSMuL5tnGzr.jpg,/zfbjgQE1uSd9wiPTX4VzsLi0rGG.jpg,1994-09-23,8.712,29275,"['Drama', 'Crime']",25000000,28341469,142
238,tt0068646,The Godfather,An offer you can't refuse.,"Spanning the years 1945 to 1955, a chronicle of the fictional Italian-American Corleone crime family. When organized crime family patriarch, Vito Corleone barely survives an attempt on his life, his youngest son, Michael steps in to take care of the would-be killers, launching a campaign of bloody revenge.",/3bhkrj58Vtu7enYsRolD1fZdja1.jpg,/tmU7GeKVybMWFButWEGl2M4GeiP.jpg,1972-03-14,8.685,22097,"['Drama', 'Crime']",6000000,245066411,175
240,tt0071562,The Godfather Part II,The rise and fall of the Corleone empire.,"In the continuing saga of the Corleone crime family, a young Vito Corleone grows up in Sicily and in 1910s New York. In the 1950s, Michael Corleone attempts to expand the family business into Las Vegas, Hollywood and Cuba.",/ecBRkXerAZqRRUfR8Lt3L3Dh6J5.jpg,/kGzFbGhp99zva6oZODW5atUtnqi.jpg,1974-12-20,8.57,13358,"['Drama', 'Crime']",13000000,102600000,202
424,tt0108052,Schindler's List,"Whoever saves one life, saves the world entire.",The true story of how businessman Oskar Schindler saved over a thousand Jewish lives from the Nazis while they worked as slaves in his factory during World War II.,/sF1U4EUQS8YHUYjNl3pMGNIQyr0.jpg,/zb6fM1CX41D9rF9hdgclu0peUmy.jpg,1993-12-15,8.566,16879,"['Drama', 'History', 'War']",22000000,321365567,195
389,tt0050083,12 Angry Men,It explodes like 12 sticks of dynamite!,"The defense and the prosecution have rested and the jury is filing into the jury room to decide if a young Spanish-American is guilty or innocent of murdering his father. What begins as an open and shut case soon becomes a mini-drama of each of the jurors' prejudices and preconceptions about the trial, the accused, and each other.",/ow3wq89wM8qd5X7hWKxiRfsFf9C.jpg,/w4bTBXcqXc2TUyS5Fc4h67uWbPn.jpg,1957-04-10,8.549,9548,['Drama'],397751,4360000,97
129,tt0245429,Spirited Away,On the other side of the tunnel was a mysterious town.,"A young girl, Chihiro, becomes trapped in a strange new world of spirits. When her parents undergo a mysterious transformation, she must call upon the courage she never knew she had to free her family.",/39wmItIWsg5sZMyRUHLkWBcuVCM.jpg,/ukfI9QkU1aIhOhKXYWE9n3z1mFR.jpg,2001-07-20,8.535,17659,"['Animation', 'Family', 'Fantasy']",19000000,274925095,125
155,tt0468569,The Dark Knight,Welcome to a world without rules.,"Batman raises the stakes in his war on crime. With the help of Lt. Jim Gordon and District Attorney Harvey Dent, Batman sets out to dismantle the remaining criminal organizations that plague the streets. The partnership proves to be effective, but they soon find themselves prey to a reign of chaos unleashed by a rising criminal mastermind known to the terrified citizens of Gotham as the Joker.",/qJ2tW6WMUDux911r6m7haRef0WH.jpg,/dqK9Hag1054tghRQSqLSfrkvQnA.jpg,2008-07-16,8.525,34747,"['Drama', 'Action', 'Crime', 'Thriller']",185000000,1004558444,152
19404,tt0112870,Dilwale Dulhania Le Jayenge,"Come… Fall In love, All Over Again…","Raj is a rich, carefree, happy-go-lucky second generation NRI. Simran is the daughter of Chaudhary Baldev Singh, who in spite of being an NRI is very strict about adherence to Indian values. Simran has left for India to be married to her childhood fiancé. Raj leaves for India with a mission at his hands, to claim his lady love under the noses of her whole family. Thus begins a saga.",/2CAL2433ZeIihfX1Hb2139CX0pW.jpg,/zQDFHYNVVVp9OAYSixYAG1SyX1l.jpg,1995-10-20,8.5,4519,"['Comedy', 'Drama', 'Romance']",13200000,100000000,190
497,tt0120689,The Green Mile,Paul Edgecomb didn't believe in miracles. Until the day he met one.,"A supernatural tale set on death row in a Southern prison, where gentle giant John Coffey possesses the mysterious power to heal people's ailments. When the cell block's head guard, Paul Edgecomb, recognizes Coffey's miraculous gift, he tries desperately to help stave off the condemned man's execution.",/o0lO84GI7qrG6XFvtsPOSV7CTNa.jpg,/b6HWTOxn1xevvyHU2K9ICvaRU6g.jpg,1999-12-10,8.503,18567,"['Fantasy', 'Drama', 'Crime']",60000000,286801374,189
496243,tt6751668,Parasite,Act like you own the place.,"All unemployed, Ki-taek's family takes peculiar interest in the wealthy and glamorous Parks for their livelihood until they get entangled in an unexpected incident.",/7IiTTgloJzvGI1TAYymCfbfl3vT.jpg,/hiKmpZMGZsrkA3cdce8a7Dpos1j.jpg,2019-05-30,8.496,19742,"['Comedy', 'Thriller', 'Drama']",11363000,257591776,133
122,tt0167260,The Lord of the Rings: The Return of the King,There can be no triumph without loss. No victory without suffering. No freedom without sacrifice.,"As armies mass for a final battle that will decide the fate of the world--and powerful, ancient forces of Light and Dark compete to determine the outcome--one member of the Fellowship of the Ring is revealed as the noble heir to the throne of the Kings of Men. Yet, the sole hope for triumph over evil lies with a brave hobbit, Frodo, who, accompanied by his loyal friend Sam and the hideous, wretched Gollum, ventures deep into the very dark heart of Mordor on his seemingly impossible quest to destroy the Ring of Power.​",/rCzpDGLbOoPwLjy3OAm5NUPOTrC.jpg,/2u7zbn8EudG6kLlBzUYqP8RyFU4.jpg,2003-12-17,8.491,25692,"['Adventure', 'Fantasy', 'Action']",94000000,1118888979,201
680,tt0110912,Pulp Fiction,From the creator of 'True Romance' & 'Reservoir Dogs',"A burger-loving hit man, his philosophical partner, a drug-addled gangster's moll and a washed-up boxer converge in this sprawling, comedic crime caper. Their adventures unfurl in three stories that ingeniously trip back and forth in time.",/vQWk5YBFWF4bZaofAbv0tShwBvQ.jpg,/suaEOtk1N1sgg2MTM7oZd2cfVp3.jpg,1994-09-10,8.488,29309,"['Thriller', 'Crime', 'Comedy']",8000000,213928762,154
372058,tt5311514,Your Name.,"Separated by distance, connected by fate.","High schoolers Mitsuha and Taki are complete strangers living separate lives. But one night, they suddenly switch places. Mitsuha wakes up in Taki’s body, and he in hers. This bizarre occurrence continues to happen randomly, and the two must adjust their lives around each other.",/q719jXXEzOoYaps6babgKnONONX.jpg,/8x9iKH8kWA0zdkgNdpAew7OstYe.jpg,2016-08-26,8.479,12119,"['Animation', 'Romance', 'Drama']",0,358000000,106
157336,tt0816692,Interstellar,Mankind was born on Earth. It was never meant to die here.,The adventures of a group of explorers who make use of a newly discovered wormhole to surpass the limitations on human space travel and conquer the vast distances involved in an interstellar voyage.,/gEU2QniE6E77NI6lCU6MxlNBvIx.jpg,/5XNQBqnBwPA9yT0jZ0p3s8bbLh0.jpg,2014-11-05,8.463,38296,"['Adventure', 'Drama', 'Science Fiction']",165000000,746606706,169
429,tt0060196,"The Good, the Bad and the Ugly",For three men the Civil War wasn't hell. It was practice.,"While the Civil War rages on between the Union and the Confederacy, three men – a quiet loner, a ruthless hitman, and a Mexican bandit – comb the American Southwest in search of a strongbox containing $200,000 in stolen gold.",/bX2xnavhMYjWDoZp1VM6VnU1xwe.jpg,/Adrip2Jqzw56KeuV2nAxucKMNXA.jpg,1966-12-22,8.464,9265,['Western'],1200000,38900000,161
13,tt0109830,Forrest Gump,The world will never be the same once you've seen it through the eyes of Forrest Gump.,"A man with a low IQ has accomplished great things in his life and been present during significant historic events—in each case, far exceeding what anyone imagined he could do. But despite all he has achieved, his one true love eludes him.",/saHP97rTPS5eLmrLQEcANmKrsFl.jpg,/67HggiWaP9ZLv5sPYmyRV37yAJM.jpg,1994-06-23,8.463,28886,"['Comedy', 'Drama', 'Romance']",55000000,677387716,142
769,tt0099685,GoodFellas,Three decades of life in the mafia.,"The true story of Henry Hill, a half-Irish, half-Sicilian Brooklyn kid who is adopted by neighbourhood gangsters at an early age and climbs the ranks of a Mafia family under the guidance of Jimmy Conway.",/aKuFiU82s5ISJpGZp7YkIr3kCUd.jpg,/gILte6Zd7m1YneIr6MVhh30S9pr.jpg,1990-09-12,8.5,13797,"['Drama', 'Crime']",25000000,47072327,145
346,tt0047478,Seven Samurai,Unmatched for suspense and spectacle!,"A samurai answers a village's request for protection after he falls on hard times. The town needs protection from bandits, so the samurai gathers six others to help him teach the people how to defend themselves, and the villagers provide the soldiers with food.",/lOMGc8bnSwQhS4XyE1S99uH8NXf.jpg,/qvZ91FwMq6O47VViAr8vZNQz3WI.jpg,1954-04-26,8.5,4034,"['Action', 'Drama']",2000000,105000000,207
12477,tt0095327,Grave of the Fireflies,Why do fireflies have to die so soon?,"In the final months of World War II, 14-year-old Seita and his sister Setsuko are orphaned when their mother is killed during an air raid in Kobe, Japan. After a falling out with their aunt, they move into an abandoned bomb shelter. With no surviving relatives and their emergency rations depleted, Seita and Setsuko struggle to survive.",/k9tv1rXZbOhH7eiCk378x61kNQ1.jpg,/dlC0ed9Ugh3FzydnkBtV5lRXUu4.jpg,1988-04-16,8.447,6208,"['Animation', 'Drama', 'War']",3700000,842132,89
637,tt0118799,Life Is Beautiful,Bongiorno Principessa!,A touching story of an Italian book seller of Jewish ancestry who lives in his own little fairy tale. His creative and happy life would come to an abrupt halt when his entire family is deported to a concentration camp during World War II. While locked up he tries to convince his son that the whole thing is just a game.,/mfnkSeeVOBVheuyn2lo4tfmOPQb.jpg,/6aNKD81RHR1DqUUa8kOZ1TBY1Lp.jpg,1997-12-20,8.44,13648,"['Comedy', 'Drama']",20000000,230098753,116
550,tt0137523,Fight Club,Mischief. Mayhem. Soap.,"A ticking-time-bomb insomniac and a slippery soap salesman channel primal male aggression into a shocking new form of therapy. Their concept catches on, with underground ""fight clubs"" forming in every town, until an eccentric gets in the way and ignites an out-of-control spiral toward oblivion.",/pB8BM7pdSp6B6Ih7QZ4DrQ3PmJK.jpg,/hZkgoQYus5vegHoetLkCJzb17zJ.jpg,1999-10-15,8.438,31033,"['Drama', 'Thriller']",63000000,100853753,139
667257,tt10032342,Impossible Things,There are encounters that change your life,"After the death of her abusive husband, Matilde finds her new best friend in Miguel, her young, insecure, and disoriented neighbor.",/t2Ew8NZ8Ci2kqmoecZUNQUFDJnQ.jpg,/bxSBOAD8AuMHYMdW3jso9npAkgt.jpg,2021-06-17,8.4,416,"['Family', 'Drama']",0,0,88
14537,tt0056058,Harakiri,"What befalls others today, may be your own fate tomorrow.","Down-on-his-luck veteran Tsugumo Hanshirō enters the courtyard of the prosperous House of Iyi. Unemployed, and with no family, he hopes to find a place to commit seppuku—and a worthy second to deliver the coup de grâce in his suicide ritual. The senior counselor for the Iyi clan questions the ronin’s resolve and integrity, suspecting Hanshirō of seeking charity rather than an honorable end. What follows is a pair of interlocking stories which lay bare the difference between honor and respect, and promises to examine the legendary foundations of the Samurai code.",/3nPwMd3KviJWaHzG9fZCqlwWMas.jpg,/e3hG3uadtcP0pYdRa5ch4ysQW76.jpg,1962-09-15,8.4,1130,"['Action', 'Drama', 'History']",0,0,135
11216,tt0095765,Cinema Paradiso,An enchanted village. A wonderful friendship. Star-crossed lovers. And the magic of the movies.,"A filmmaker recalls his childhood, when he fell in love with the movies at his village's theater and formed a deep friendship with the theater's projectionist.",/gCI2AeMV4IHSewhJkzsur5MEp6R.jpg,/zoVeIgKzGJzpdG6Gwnr7iOYfIMU.jpg,1988-11-17,8.4,4656,"['Drama', 'Romance']",5000000,12462062,124
598,tt0317248,City of God,"If you run, the beast catches you; if you stay, the beast eats you.","In the poverty-stricken favelas of Rio de Janeiro in the 1970s, two young men choose different paths. Rocket is a budding photographer who documents the increasing drug-related violence of his neighborhood, while José “Zé” Pequeno is an ambitious drug dealer diving into a dangerous life of crime.",/k7eYdWvhYQyRQoU2TB2A2Xu2TfD.jpg,/uvitbjFU4JqvMwIkMWHp69bmUzG.jpg,2002-08-30,8.427,7883,"['Drama', 'Crime']",3300000,30641770,129
120,tt0120737,The Lord of the Rings: The Fellowship of the Ring,One ring to rule them all.,"Young hobbit Frodo Baggins, after inheriting a mysterious ring from his uncle Bilbo, must leave his home in order to keep it from falling into the hands of its evil creator. Along the way, a fellowship is formed to protect the ringbearer and make sure that the ring arrives at its final destination: Mt. Doom, the only place where it can be destroyed.",/6oom5QYQ2yQTMJIbnvbkBL9cHo6.jpg,/x2RS3uTcsJJ9IfjNPcgDmukoEcQ.jpg,2001-12-18,8.426,26633,"['Adventure', 'Fantasy', 'Action']",93000000,871368364,179
539,tt0054215,Psycho,A new and altogether different screen excitement!,"When larcenous real estate clerk Marion Crane goes on the lam with a wad of cash and hopes of starting a new life, she ends up at the notorious Bates Motel, where manager Norman Bates cares for his housebound mother.",/yz4QVqPx3h1hD1DfqqQkCq3rmxW.jpg,/mufF1aYvwdpKerhq5R1YrVcbJLY.jpg,1960-06-22,8.421,10640,"['Horror', 'Thriller', 'Mystery']",806947,50048065,109
40096,tt0271383,A Dog's Will,Lying with faith is not always a sin.,"The lively João Grilo and the sly Chicó are poor guys living in the hinterland who cheat a bunch of people in a small town in Northeastern Brazil. When they die, they have to be judged by Christ, the Devil and the Virgin Mary before they are admitted to paradise.",/ctfNJw6gofTjQvhOZeH8QKt0O2x.jpg,/alQqTpmEkxSLgajfEYTsTH6nAKB.jpg,2000-09-15,8.4,1192,"['Comedy', 'Drama', 'Fantasy', 'Romance']",0,4903192,104
510,tt0073486,One Flew Over the Cuckoo's Nest,"If he's crazy, what does that make you?","A petty criminal fakes insanity to serve his sentence in a mental ward rather than prison. He soon finds himself as a leader to the other patients—and an enemy to the cruel, domineering nurse who runs the ward.",/kjWsMh72V6d8KRLV4EOoSJLT1H7.jpg,/6Oa3zTiluBz2W8D2ou1MY16dUiF.jpg,1975-11-19,8.413,11057,['Drama'],3000000,108981275,133
121,tt0167261,The Lord of the Rings: The Two Towers,The journey continues.,"Frodo Baggins and the other members of the Fellowship continue on their sacred quest to destroy the One Ring--but on separate paths. Their destinies lie at two towers--Orthanc Tower in Isengard, where the corrupt wizard Saruman awaits, and Sauron's fortress at Barad-dur, deep within the dark lands of Mordor. Frodo and Sam are trekking to Mordor to destroy the One Ring of Power while Gimli, Legolas and Aragorn search for the orc-captured Merry and Pippin. All along, nefarious wizard Saruman awaits the Fellowship members at the Orthanc Tower in Isengard.",/5VTN0pR8gcqV3EPUHHfMGnJYN9L.jpg,/kWYfW2Re0rUDE6IHhy4CRuKWeFr.jpg,2002-12-18,8.411,23131,"['Adventure', 'Fantasy', 'Action']",79000000,926287400,179
696374,tt11316854,Gabriel's Inferno,,"An intriguing and sinful exploration of seduction, forbidden love, and redemption, Gabriel's Inferno is a captivating and wildly passionate tale of one man's escape from his own personal hell as he tries to earn the impossible--forgiveness and love.",/oyG9TL7FcRP4EZ9Vid6uKzwdndz.jpg,/nIkcTtuhmkl1GZO2LfZi7SwFz7F.jpg,2020-05-29,8.403,2437,"['Romance', 'Drama']",0,0,122
311,tt0087843,Once Upon a Time in America,"Crime, passion and lust for power.","A former Prohibition-era Jewish gangster returns to the Lower East Side of Manhattan over thirty years later, where he once again must confront the ghosts and regrets of his old life.",/i0enkzsL5dPeneWnjl1fCWm6L7k.jpg,/uPYa165sraN2c8gZBM9C47g3JoU.jpg,1984-05-23,8.397,5797,"['Drama', 'Crime']",30000000,5500000,229
324857,tt4633694,Spider-Man: Into the Spider-Verse,More than one wears the mask.,"Struggling to find his place in the world while juggling school and family, Brooklyn teenager Miles Morales is unexpectedly bitten by a radioactive spider and develops unfathomable powers just like the one and only Spider-Man. While wrestling with the implications of his new abilities, Miles discovers a super collider created by the madman Wilson ""Kingpin"" Fisk, causing others from across the Spider-Verse to be inadvertently transported to his dimension.",/iiZZdoQBEYBv6id8su7ImL0oCbD.jpg,/8mnXR9rey5uQ08rZAvzojKWbDQS.jpg,2018-12-06,8.395,16620,"['Animation', 'Action', 'Adventure', 'Science Fiction']",90000000,393602435,117
255709,tt3153634,Hope,We won't let her shed tears again.,"After 8-year-old So-won narrowly survives a brutal sexual assault, her family labors to help her heal while coping with their own rage and grief.",/x9yjkm9gIz5qI5fJMUTfBnWiB2o.jpg,/4Nx40jwpoTHPjCWNGoaZ6kaoGxa.jpg,2013-10-02,8.395,808,['Drama'],0,0,122
1891,tt0080684,The Empire Strikes Back,The Star Wars saga continues.,"The epic saga continues as Luke Skywalker, in hopes of defeating the evil Galactic Empire, learns the ways of the Jedi from aging master Yoda. But Darth Vader is more determined than ever to capture Luke. Meanwhile, rebel leader Princess Leia, cocky Han Solo, Chewbacca, and droids C-3PO and R2-D2 are thrown into various stages of capture, betrayal and despair.",/nNAeTmF4CtdSgMDplXTDPOpYzsX.jpg,/dMZxEdrWIzUmUoOz2zvmFuutbj7.jpg,1980-05-20,8.394,17852,"['Adventure', 'Action', 'Science Fiction']",18000000,538400000,124
4935,tt0347149,Howl's Moving Castle,The two lived there.,"Sophie, a young milliner, is turned into an elderly woman by a witch who enters her shop and curses her. She encounters a wizard named Howl and gets caught up in his resistance to fighting for the king.",/13kOl2v0nD2OLbVSHnHk8GUFEhO.jpg,/nv5wwZou159v5OC61i4ElR7OqyY.jpg,2004-09-09,8.4,10629,"['Fantasy', 'Animation', 'Adventure']",24000000,236049757,119
378064,tt5323662,A Silent Voice: The Movie,Sometimes the answer is as simple as learning to listen.,"Shouya Ishida starts bullying the new girl in class, Shouko Nishimiya, because she is deaf. But as the teasing continues, the rest of the class starts to turn on Shouya for his lack of compassion. When they leave elementary school, Shouko and Shouya do not speak to each other again... until an older, wiser Shouya, tormented by his past behaviour, decides he must see Shouko once more. He wants to atone for his sins, but is it already too late...?",/tuFaWiqX0TXoWu7DGNcmX3UW7sT.jpg,/5lAMQMWpXMsirvtLLvW7cJgEPkU.jpg,2016-09-17,8.386,4272,"['Animation', 'Drama', 'Romance']",0,30819442,129
423,tt0253474,The Pianist,Music was his passion. Survival was his masterpiece.,"The true story of pianist Władysław Szpilman's experiences in Warsaw during the Nazi occupation. When the Jews of the city find themselves forced into a ghetto, Szpilman finds work playing in a café; and when his family is deported in 1942, he stays behind, works for a while as a laborer, and eventually goes into hiding in the ruins of the war-torn city.",/2hFvxCCWrTmCYwfy7yum0GKRi3Y.jpg,/1XqIhsqnAozznGhxlGdI0GPcCro.jpg,2002-09-17,8.38,9780,"['Drama', 'War']",35000000,120098945,150
807,tt0114369,Se7en,Gluttony. Greed. Sloth. Envy. Wrath. Pride. Lust.,"Two homicide detectives are on a desperate hunt for a serial killer whose crimes are based on the ""seven deadly sins"" in this dark and haunting film that takes viewers from the tortured remains of one victim to the next. The seasoned Det. Somerset researches each sin in an effort to get inside the killer's mind, while his novice partner, Mills, scoffs at his efforts to unravel the case.",/191nKfP0ehp3uIvWqgPbFmI4lv9.jpg,/hkKTtlHjiVUW5XRfkQfl3FmJUfX.jpg,1995-09-22,8.377,22316,"['Crime', 'Mystery', 'Thriller']",33000000,327311859,127
244786,tt2582802,Whiplash,The road to greatness can take you to the edge.,"Under the direction of a ruthless instructor, a talented young drummer begins to pursue perfection at any cost, even his humanity.",/7fn624j5lj3xTme2SgiLCeuedmO.jpg,/1kuYEvLkX2nTkbfzN6X0w0xQFQU.jpg,2014-10-10,8.375,16084,"['Drama', 'Music']",3300000,50307484,107
770156,tt11916254,Lucy Shimmers and the Prince of Peace,,Second chances start when a hardened criminal crosses paths with a precocious little girl who is helped by an angel to change hearts during the holiday season.,/yfnJ5qIYx7q33fY4jqv9Pu95RSg.jpg,/7KR1nKGaYqPuFBnqP7XBIX0DZlR.jpg,2020-10-19,8.4,330,"['Drama', 'Family']",0,0,87
27205,tt1375666,Inception,Your mind is the scene of the crime.,"Cobb, a skilled thief who commits corporate espionage by infiltrating the subconscious of his targets is offered a chance to regain his old life as payment for a task considered to be impossible: ""inception"", the implantation of another person's idea into a target's subconscious.",/xlaY2zyzMfkhk0HSC5VUwzoZPU1.jpg,/s3TBrRGB1iav7gFOCNx3H31MoES.jpg,2010-07-15,8.37,38267,"['Action', 'Science Fiction', 'Adventure']",160000000,839030630,148
724089,tt13535454,Gabriel's Inferno: Part II,,"Professor Gabriel Emerson finally learns the truth about Julia Mitchell's identity, but his realization comes a moment too late. Julia is done waiting for the well-respected Dante specialist to remember her and wants nothing more to do with him. Can Gabriel win back her heart before she finds love in another's arms?",/x5o8cLZfEXMoZczTYWLrUo1P7UJ.jpg,/jtAI6OJIWLWiRItNSZoWjrsUtmi.jpg,2020-07-31,8.369,1534,"['Romance', 'Drama']",0,0,106
1058694,tt14570440,Radical,Think for yourself.,"In a Mexican border town plagued by neglect, corruption, and violence, a frustrated teacher tries an unorthodox new method to break through his students’ apathy and unlock their curiosity, their potential... and perhaps even their genius.",/lOAJYpX608aT0ApIv63ZTnol27Y.jpg,/gutU32BiBxJvJdzLv5RWC9hQhNh.jpg,2023-10-19,8.356,482,['Drama'],10000000,21761164,126
761053,tt13535456,Gabriel's Inferno: Part III,,The final part of the film adaption of the erotic romance novel Gabriel's Inferno written by an anonymous Canadian author under the pen name Sylvain Reynard.,/fYtHxTxlhzD4QWfEbrC1rypysSD.jpg,/fQq1FWp1rC89xDrRMuyFJdFUdMd.jpg,2020-11-19,8.361,1070,"['Romance', 'Drama']",0,0,102
12493,tt0057565,High and Low,"Stark, intense drama almost beyond belief!",A Yokohama shoe executive faces a wrenching choice when kidnappers mistakenly seize his chauffeur’s son but demand the ransom anyway.,/tgNjemQPG96uIezpiUiXFcer5ga.jpg,/A62quSOB8otoZvGiLvMVZ9G4BiO.jpg,1963-03-01,8.3,1048,"['Drama', 'Crime']",250000,0,142
567,tt0047396,Rear Window,It only takes one witness to spoil the perfect crime.,A wheelchair-bound photographer spies on his neighbors from his apartment window and becomes convinced one of them has committed murder.,/ILVF0eJxHMddjxeQhswFtpMtqx.jpg,/qt01wUC460FCWfogDqe3UO00T3g.jpg,1954-08-01,8.3,6906,"['Thriller', 'Mystery']",1000000,37042336,112
274,tt0102926,The Silence of the Lambs,To enter the mind of a killer she must challenge the mind of a madman.,"Clarice Starling is a top student at the FBI's training academy.  Jack Crawford wants Clarice to interview Dr. Hannibal Lecter, a brilliant psychiatrist who is also a violent psychopath, serving life behind bars for various acts of murder and cannibalism.  Crawford believes that Lecter may have insight into a case and that Starling, as an attractive young woman, may be just the bait to draw him out.",/uS9m8OBk1A8eM9I042bx8XXpqAq.jpg,/aYcnDyLMnpKce1FOYUpZrXtgUye.jpg,1991-02-14,8.346,17294,"['Crime', 'Thriller', 'Drama']",19000000,272742922,119
569094,tt9362722,Spider-Man: Across the Spider-Verse,It's how you wear the mask that matters.,"After reuniting with Gwen Stacy, Brooklyn’s full-time, friendly neighborhood Spider-Man is catapulted across the Multiverse, where he encounters the Spider Society, a team of Spider-People charged with protecting the Multiverse’s very existence. But when the heroes clash on how to handle a new threat, Miles finds himself pitted against the other Spiders and must set out on his own to save those he loves most.",/8Vt6mWEReuy4Of61Lnj5Xj704m8.jpg,/9xfDWXAUbFXQK585JvByT5pEAhe.jpg,2023-05-31,8.34,8043,"['Animation', 'Action', 'Adventure', 'Science Fiction']",100000000,690897910,140
73,tt0120586,American History X,Some Legacies Must End.,"Derek Vineyard is paroled after serving 3 years in prison for killing two African-American men. Through his brother, Danny Vineyard's narration, we learn that before going to prison, Derek was a skinhead and the leader of a violent white supremacist gang that committed acts of racial crime throughout L.A. and his actions greatly influenced Danny. Reformed and fresh out of prison, Derek severs contact with the gang and becomes determined to keep Danny from going down the same violent path as he did.",/x2drgoXYZ8484lqyDj7L1CEVR4T.jpg,/6qHI1IYj7QlLSCwHRzkL62X175s.jpg,1998-07-01,8.331,12179,['Drama'],20000000,23900000,119
128,tt0119698,Princess Mononoke,The fate of the world rests on the courage of one warrior.,"Ashitaka, a prince of the disappearing Emishi people, is cursed by a demonized boar god and must journey to the west to find a cure. Along the way, he encounters San, a young human woman fighting to protect the forest, and Lady Eboshi, who is trying to destroy it. Ashitaka must find a way to bring balance to this conflict.",/cMYCDADoLKLbB83g4WnJegaZimC.jpg,/gl0jzn4BupSbL2qMVeqrjKkF9Js.jpg,1997-07-12,8.326,8615,"['Adventure', 'Fantasy', 'Animation']",23500000,176506186,134
620249,tt10734928,The Legend of Hei,One Small Spirit Will Determine the Fate of the World.,"When cat spirit Luo Xiaohei's home is deforested by humans, he must find a new one. He runs into a group of other spirit creatures who take him under their wing with dreams of reconquering the land they say is rightfully theirs. However, they run into a human known as Wuxian who separates Luo Xiaohei from the other spirits and the two go on a journey, with the cat spirit learning to control his abilities as well as forming his own thoughts on whether or not he should ally with the spirits or the humans.",/4jfbKKLpqts3i2h2obkrONcjTg1.jpg,/aVFx1VtlOxR3v0ADEatalXOvwbu.jpg,2019-08-27,8.3,419,"['Animation', 'Fantasy', 'Action']",0,48045728,102
105,tt0088763,Back to the Future,He was never in time for his classes... He wasn't in time for his dinner... Then one day... he wasn't in his time at all.,"Eighties teenager Marty McFly is accidentally sent back in time to 1955, inadvertently disrupting his parents' first meeting and attracting his mother's romantic interest. Marty must repair the damage to history by rekindling his parents' romance and - with the help of his eccentric inventor friend Doc Brown - return to 1985.",/vN5B5WgYscRGcQpVhHl6p9DDTP0.jpg,/pZCLGHynFPOv8dve6u9waxknLth.jpg,1985-07-03,8.323,21090,"['Adventure', 'Comedy', 'Science Fiction']",19000000,381109762,116
1184918,tt29623480,The Wild Robot,Discover your true nature.,"After a shipwreck, an intelligent robot called Roz is stranded on an uninhabited island. To survive the harsh environment, Roz bonds with the island's animals and cares for an orphaned baby goose.",/wTnV3PCVW5O92JMrFvvrRcV39RU.jpg,/1pmXyN3sKeYoUhu5VBZiDU4BX21.jpg,2024-09-12,8.3,5516,"['Animation', 'Science Fiction', 'Family', 'Adventure', 'Drama']",78000000,331982078,102
820067,tt15721650,The Quintessential Quintuplets Movie,,"When five lovely young girls who hate studying hire part-time tutor Futaro, he guides not only their education but also their hearts. Time spent has brought them all closer, with feelings growing within the girls and Futaro. As they finish their third year of high school and their last school festival approaches, they set their sights on what’s next. Is there a future with one of them and Futaro?",/sg7klpt1xwK1IJirBI9EHaqQwJ5.jpg,/gcgKSyE2iqwfKWMDZ8TJPxeIu0P.jpg,2022-05-20,8.3,424,"['Animation', 'Comedy', 'Romance']",0,17288993,136
3782,tt0044741,Ikiru,A big story of a little man which will grip your soul...,"Kanji Watanabe is a middle-aged man who has worked in the same monotonous bureaucratic position for decades. Learning he has cancer, he starts to look for the meaning of his life.",/dgNTS4EQDDVfkzJI5msKuHu2Ei3.jpg,/stiGp1XzkLSYdUUEWTyQOZRkr49.jpg,1952-10-09,8.307,1256,['Drama'],0,55240,143
372754,tt5526028,Dou kyu sei – Classmates,"Sincerely, Slowly, Falling in Love.","Rihito Sajo, an honor student with a perfect score on the entrance exam and Hikaru Kusakabe, in a band and popular among girls, would have never crossed paths. Until one day they started talking at the practice for their school’s upcoming chorus festival. After school, the two meet regularly, as Hikaru helps Rihito to improve his singing skills. While they listen to each other’s voice and harmonize, their hearts start to beat together.",/cIfRCA5wEvj9tApca4UDUagQEiM.jpg,/tLmyP7akYmxLwyfTEt2qyj2sOR3.jpg,2016-02-20,8.3,420,"['Romance', 'Animation']",0,1397526,61
207,tt0097165,Dead Poets Society,He was their inspiration. He made their lives extraordinary.,"At an elite, old-fashioned boarding school in New England, a passionate English teacher inspires his students to rebel against convention and seize the potential of every day, courting the disdain of the stern headmaster.",/erzbMlcNHOdx24AXOcn2ZKA7R1q.jpg,/hpzQHv8cA7j2Dn2CphOFYmllXzj.jpg,1989-06-02,8.301,12060,['Drama'],16400000,235860116,129
10494,tt0156887,Perfect Blue,"""excuse me... who are you?""","Rising pop star Mima quits singing to pursue a career as an actress. After she takes up a role on a popular detective show, her handlers and collaborators begin turning up murdered. Harboring feelings of guilt and haunted by visions of her former self, Mima's reality and fantasy meld into a frenzied paranoia.",/6WTiOCfDPP8XV4jqfloiVWf7KHq.jpg,/1YRtgjLb5xxUb2rsNRnr54Oc0B2.jpg,1998-02-28,8.299,2984,"['Animation', 'Thriller']",3000000,683666,82
101,tt0110413,Léon: The Professional,"If you want the job done right, hire a professional.","Léon, the top hit man in New York, has earned a rep as an effective ""cleaner"". But when his next-door neighbors are wiped out by a loose-cannon DEA agent, he becomes the unwilling custodian of 12-year-old Mathilda. Before long, Mathilda's thoughts turn to revenge, and she considers following in Léon's footsteps.",/bxB2q91nKYp8JNzqE7t7TWBVupB.jpg,/2hS80sTgsSmK0T61bd5J9YBc52k.jpg,1994-09-14,8.299,15585,"['Crime', 'Drama', 'Action']",16000000,45284974,111
15804,tt0101985,A Brighter Summer Day,,"A boy experiences first love, friendships and injustices growing up in 1960s Taiwan.",/rDZ2mNQkZrnSzHPLQ7SzhzgCSoj.jpg,/2LMgkmtnmhjUHvFXNDruHzrUFKK.jpg,1991-07-27,8.3,363,"['Crime', 'Drama', 'Romance']",0,0,237
652837,tt12879624,"Josee, the Tiger and the Fish",Together they can fly.,"With dreams of diving abroad, Tsuneo gets a job assisting Josee, an artist whose imagination takes her far beyond her wheelchair. But when the tide turns against them, they push each other to places they never thought possible, and inspire a love fit for a storybook.",/z1D8xi9x4uEhyFruo7uEHXUMD4K.jpg,/nVsDAvaMMwComtLBuRIzclGUcXF.jpg,2020-12-25,8.3,550,"['Animation', 'Drama', 'Romance']",0,0,98
533514,tt8652818,Violet Evergarden: The Movie,,"As the world moves on from the war and technological advances bring changes to her life, Violet still hopes to see her lost commanding officer again.",/4b7uAGVtgA85Yd911yOJqIsHigx.jpg,/wGwSWDG3LIQxchg2M8HV7bDqYKU.jpg,2020-09-18,8.294,466,"['Animation', 'Fantasy', 'Romance', 'Drama']",0,20339624,140
599,tt0043014,Sunset Boulevard,A Hollywood Story.,A hack screenwriter writes a screenplay for a former silent film star who has faded into Hollywood obscurity.,/oOZIN0sbRNLKQC4RRCQnmAx1PlV.jpg,/p47ihFj4A7EpBjmPHdTj4ipyq1S.jpg,1950-08-10,8.287,2795,['Drama'],1752000,5000000,110
914,tt0032553,The Great Dictator,Once again - the whole world laughs!,Dictator Adenoid Hynkel tries to expand his empire while a poor Jewish barber tries to avoid persecution from Hynkel's regime.,/nhMXB8GTdswYMCL9nepDZymJCOr.jpg,/c8Pi8F1FzpNebtgXcSjC9nWCdSW.jpg,1940-10-15,8.288,3566,"['Comedy', 'War']",2000000,11000000,125
644479,tt5869370,Dedicated to my ex,,"The film tells the story of Ariel, a 21-year-old who decides to form a rock band to compete for a prize of ten thousand dollars in a musical band contest, this as a last option when trying to get money to save their relationship and reunite with his ex-girlfriend, which breaks due to the trip she must make to Finland for an internship. Ariel with her friend Ortega, decides to make a casting to find the other members of the band, although they do not know nothing about music, thus forming a band with members that have diverse and opposite personalities.",/xc4bTXVwYNXi10jG9dwcaYt5IpU.jpg,/1fOsyhVz5qyX2rl1qqX6KImVhTx.jpg,2019-11-01,8.3,513,"['Drama', 'Comedy']",0,1315376,94
1139087,tt28035641,Once Upon a Studio,100 years of Disney magic comes together.,"Created for Disney's 100th anniversary, the short features Mickey Mouse corralling a gallery of legendary Disney characters for a group photo.",/aiy3G1cYWV3LgKZHY6a3jL8bjYL.jpg,/hUeSuUxNyQivx2wrRvGoyZiZDUu.jpg,2023-09-24,8.285,407,"['Animation', 'Family', 'Fantasy', 'Comedy']",0,0,9
42269,tt0075793,We All Loved Each Other So Much,A many splendored thing.,"Three partisans bound by a strong friendship return home after the war, but the clash with everyday reality puts a strain on their bond.",/zGGWYpiKNwjpKxelPxOMqJnUgDs.jpg,/2Kkqmy3EpXqBDqv1vvsNXX3pwww.jpg,1974-12-21,8.283,625,"['Drama', 'Comedy']",0,0,125
3082,tt0027977,Modern Times,"He stands alone as the greatest entertainer of modern times! No one on earth can make you laugh as heartily or touch your heart as deeply...the whole world laughs, cries and thrills to his priceless genius!","A bumbling tramp desires to build a home with a young woman, yet is thwarted time and time again by his lack of experience and habit of being in the wrong place at the wrong time..",/7uoiKOEjxBBW0AgDGQWrlfGQ90w.jpg,/kSlO1pHpwQfPQdgVPr7dJiJNtJ8.jpg,1936-02-05,8.282,3925,"['Comedy', 'Drama', 'Romance']",1500000,1800000,87
335,tt0064116,Once Upon a Time in the West,There were three men in her life. One to take her… one to love her —and one to kill her.,"As the railroad builders advance unstoppably through the Arizona desert on their way to the sea, Jill arrives in the small town of Flagstone with the intention of starting a new life.",/qbYgqOczabWNn2XKwgMtVrntD6P.jpg,/aKZ9hDmLJTaGSxWdhxqMTcvXmk4.jpg,1968-12-21,8.281,4683,"['Drama', 'Western']",5000000,5380118,166
1585,tt0038650,It's a Wonderful Life,It's a wonderful laugh! It's a wonderful love!,"A holiday favourite for generations...  George Bailey has spent his entire life giving to the people of Bedford Falls.  All that prevents rich skinflint Mr. Potter from taking over the entire town is George's modest building and loan company.  But on Christmas Eve the business's $8,000 is lost and George's troubles begin.",/bSqt9rhDZx1Q7UZ86dBPKdNomp2.jpg,/ch3lDc4xQ9MpsNEpnRhvR8PIxxK.jpg,1946-12-20,8.275,4653,"['Drama', 'Family', 'Fantasy']",3180000,9644124,130
1186532,tt26731216,The Forge,Whoever wants the next generation the most will get them.,"19 year old Isaiah Wright lives for basketball and video games. A year out of high school, he has no job, no plans, and no idea how to be a man. At odds with his single mother Cynthia, Isaiah is given an ultimatum – to step up or move out. Feeling the pull from his friends and the push from his mom, Isaiah is hired by Moore Fitness, unaware of how the owner will personally impact his life. With the prayers of his mother and unexpected guidance from his new mentor, Isaiah is forced to deal with his past, sacrifice his selfishness and discover how God might have a greater purpose for his life.",/oranxontIQRmhuyQlkoAwxpeBYz.jpg,/18X5mXS1SpQy5rygEcpbmzUdkVP.jpg,2024-08-22,8.278,308,"['Drama', 'Family']",5000000,40392664,123
77338,tt1675434,The Intouchables,Sometimes you have to reach into someone else's world to find out what's missing in your own.,A true story of two men who should never have met – a quadriplegic aristocrat who was injured in a paragliding accident and a young man from the projects.,/i97FM40bOMKvKIo3hjQviETE5yf.jpg,/q6OGlZ1KMEb14AC8KbPCxyNOal6.jpg,2011-11-02,8.271,17976,"['Drama', 'Comedy']",13000000,426590315,113
28,tt0078788,Apocalypse Now,This is the end...,"At the height of the Vietnam war, Captain Benjamin Willard is sent on a dangerous mission that, officially, ""does not exist, nor will it ever exist."" His goal is to locate - and eliminate - a mysterious Green Beret Colonel named Walter Kurtz, who has been leading his personal army on illegal guerrilla missions into enemy territory.",/gQB8Y5RCMkv2zwzFHbUJX3kAhvA.jpg,/9Qs9oyn4iE8QtQjGZ0Hp2WyYNXT.jpg,1979-05-19,8.271,8743,"['Drama', 'War']",31500000,150000000,147
92321,tt2061702,Hotarubi no Mori e,,"One hot summer day a little girl gets lost in an enchanted forest of the mountain god where spirits reside. A young boy appears before her, but she cannot touch him for fear of making him disappear. And so a wondrous adventure awaits...",/mDqzHV8UXWWNpZkoAbKmKX1ZxEE.jpg,/qknxyRgP6UTmwJ4B9tDAmzHMq7u.jpg,2011-09-17,8.269,1179,"['Romance', 'Animation', 'Fantasy']",0,0,45
18491,tt0169858,Neon Genesis Evangelion: The End of Evangelion,The fate of destruction is also the joy of rebirth.,"SEELE orders an all-out attack on NERV, aiming to destroy the Evas before Gendo can advance his own plans for the Human Instrumentality Project. Shinji is pushed to the limits of his sanity as he is forced to decide the fate of humanity.",/j6G24dqI4WgUtChhWjfnI4lnmiK.jpg,/xLMJCCSatxENpHO9rLW9yD8A12C.jpg,1997-07-19,8.27,1745,"['Animation', 'Science Fiction', 'Drama', 'Fantasy']",0,20563523,87
1356039,tt23648788,Counterattack,,"When a hostage rescue mission creates a new enemy, Capt. Guerrero and his elite soldiers must face an ambush by a criminal group.",/38I76hGcFY6xB47pjm7pZwkfuAF.jpg,/deUWVEgNh2IGjShyymZhaYP40ye.jpg,2025-02-27,8.27,765,"['Action', 'Adventure', 'Thriller']",0,0,85
632632,tt11802992,Given,A story of a certain summer.,"Haruki secretly had feelings for Akihiko for years, but Akihiko was still in a relationship with his roommate, the violinist Ugetsu Murata. Haruki, Akihiko, and Ugetsu's love clashes and starts to move forward.",/pegCub2zdYD5As43AOmGsIctuKc.jpg,/9Xz0bzUFTVgDZd4WZz1cJDQjLkB.jpg,2020-08-22,8.3,409,"['Animation', 'Drama', 'Music', 'Romance']",0,930363,60
901,tt0021749,City Lights,True Blind Love,A tramp falls in love with a beautiful blind flower girl. His on-and-off friendship with a wealthy man allows him to be the girl's benefactor and suitor.,/ugmakEL5y294I5bXgiBqApuZpwc.jpg,/Ma7mQsldFCaQpsZbm8zolgLfmV.jpg,1931-02-06,8.26,2352,"['Comedy', 'Drama', 'Romance']",1500000,4250000,87
975,tt0050825,Paths of Glory,It explodes in the no-man's land no picture ever dared cross before!,A commanding officer defends three scapegoats on trial for a failed offensive that occurred within the French Army in 1916.,/hGg1UCQSHlXfv2HI9bDHT2OQBam.jpg,/354kfjVb96mtFALMhBE6jzHGiA2.jpg,1957-10-25,8.26,3133,"['War', 'Drama']",935000,1200000,88
637920,tt10431500,Miracle in Cell No. 7,,"Separated from his daughter, a father with an intellectual disability must prove his innocence when he is jailed for the death of a commander's child.",/bOth4QmNyEkalwahfPCfiXjNh1r.jpg,/inEy3A5OPgeYW4rjRiGycfEeQzA.jpg,2019-10-10,8.256,4497,['Drama'],0,28000000,132
8587,tt0110357,The Lion King,The greatest adventure of all is finding our place in the Circle of Life.,"Young lion prince Simba, eager to one day become king of the Pride Lands, grows up under the watchful eye of his father Mufasa; all the while his villainous uncle Scar conspires to take the throne for himself. Amid betrayal and tragedy, Simba must confront his past and find his rightful place in the Circle of Life.",/sKCr78MXSLixwmZ8DyJLrpMsd15.jpg,/q00H8EqULYSK74lgevMkhmGGLHn.jpg,1994-06-15,8.255,19165,"['Family', 'Animation', 'Drama', 'Adventure']",45000000,763455561,89
29259,tt0054407,Le Trou,Poor Gaspard...,"Four prison inmates have been hatching a plan to literally dig out of jail when another prisoner, Claude Gaspard, is moved into their cell. They take a risk and share their plan with the newcomer. Over the course of three days, the prisoners and friends break through the concrete floor using a bed post and begin to make their way through the sewer system -- yet their escape is anything but assured.",/xyZhiOz5NHVBUKlpioxjwajy7pm.jpg,/f72GEQF2lKsdmEULSI9bWCbQylH.jpg,1960-03-18,8.3,530,"['Drama', 'Thriller', 'Crime']",0,33187,132
10376,tt0120731,The Legend of 1900,An epic story of a man who could do anything... except be ordinary,"The story of a virtuoso piano player who lives his entire life aboard an ocean liner. Born and raised on the ship, 1900 learned about the outside world through interactions with passengers, never setting foot on land, even for the love of his life. Years later, the ship may be destroyed, and a former band member fears that 1900 may still be aboard, willing to go down with the ship.",/iOcbJ5pxokOPDRgieVDbsFMrCc6.jpg,/muSeX7fnNw0pv4zHK7RSwZln6Hk.jpg,1998-10-28,8.247,2365,"['Drama', 'Music']",9000000,21057208,170
670,tt0364569,Oldboy,"15 years of imprisonment, five days of vengeance.","With no clue how he came to be imprisoned, drugged and tortured for 15 years, a desperate man seeks revenge on his captors.",/pWDtjs568ZfOTMbURQBYuT4Qxka.jpg,/sdwjQEM869JFwMytTmvr6ggvaUl.jpg,2003-11-21,8.246,9369,"['Drama', 'Thriller', 'Mystery', 'Action']",3000000,17500000,120
572154,tt9881586,Rascal Does Not Dream of a Dreaming Girl,,"In Fujisawa, Sakuta Azusagawa is in his second year of high school. Blissful days with his girlfriend and upperclassman, Mai Sakurajima, are interrupted by the appearance of his first crush, Shoko Makinohara.",/gsRpizQa3fw1um8v7EvFVXvxD6u.jpg,/5MgMCnslrxQfOfaq6T5ndkLlcCk.jpg,2019-06-15,8.2,567,"['Animation', 'Romance', 'Drama', 'Fantasy']",0,0,90
630566,tt6473066,Clouds,Don't wait for tomorrow to live for today.,"Young musician Zach Sobiech discovers his cancer has spread, leaving him just a few months to live. With limited time, he follows his dream and makes an album, unaware that it will soon be a viral music phenomenon.",/d0OdD1I8qAfETvE9Rp9Voq7R8LR.jpg,/L7DIiAdP8DnNqOh7454ZrTYspR.jpg,2020-10-09,8.24,1037,"['Music', 'Drama', 'Romance']",0,0,121
504253,tt7236034,I Want to Eat Your Pancreas,This is a story about an unforgettable spring...,"After his classmate and crush is diagnosed with a pancreatic disease, an average high schooler sets out to make the most of her final days.",/qDWA7fB4cZ4sBP6YgwlxvraDHi7.jpg,/YLyORLsYIjC0d1TFBSpJKk7piP.jpg,2018-09-01,8.24,1684,"['Animation', 'Drama', 'Romance']",0,33748006,108
447362,tt6598238,Life in a Year,,"A 17 year old finds out that his girlfriend is dying, so he sets out to give her an entire life, in the last year she has left.",/bP7u19opmHXYeTCUwGjlLldmUMc.jpg,/u6aGN71Hx39iX8Uv4ILRRKHmAXc.jpg,2020-11-27,8.2,1942,"['Drama', 'Romance']",0,0,107
299534,tt4154796,Avengers: Endgame,Avenge the fallen.,"After the devastating events of Avengers: Infinity War, the universe is in ruins due to the efforts of the Mad Titan, Thanos. With the help of remaining allies, the Avengers must assemble once more in order to undo Thanos' actions and restore order to the universe once and for all, no matter what consequences may be in store.",/bR8ISy1O9XQxqiy0fQFw2BX72RQ.jpg,/9wXPKruA6bWYk2co5ix6fH59Qr8.jpg,2019-04-24,8.238,26952,"['Adventure', 'Science Fiction', 'Action']",356000000,2799439100,181
299536,tt4154756,Avengers: Infinity War,Destiny arrives all the same.,"As the Avengers and their allies have continued to protect the world from threats too large for any one hero to handle, a new danger has emerged from the cosmic shadows: Thanos. A despot of intergalactic infamy, his goal is to collect all six Infinity Stones, artifacts of unimaginable power, and use them to inflict his twisted will on all of reality. Everything the Avengers have fought for has led up to this moment - the fate of Earth and existence itself has never been more uncertain.",/7WsyChQLEftFiDOVTGkv3hFpyyt.jpg,/mDfJG3LC3Dqb67AZ52x3Z0jU0uB.jpg,2018-04-25,8.235,31165,"['Adventure', 'Action', 'Science Fiction']",300000000,2052415039,149
603,tt0133093,The Matrix,Believe the unbelievable.,"Set in the 22nd century, The Matrix tells the story of a computer hacker who joins a group of underground insurgents fighting the vast and powerful computers who now rule the earth.",/p96dm7sCMn4VYAStA6siNz30G1r.jpg,/tlm8UkiQsitc8rSuIAscQDCnP8d.jpg,1999-03-31,8.236,27032,"['Action', 'Science Fiction']",63000000,463517383,136
508965,tt4729430,Klaus,Welcome to the jingle.,"A selfish postman and a reclusive toymaker form an unlikely friendship, delivering joy to a cold, dark town that desperately needs it.",/q125RHUDgR4gjwh1QkfYuJLYkL.jpg,/mlxKite1x1PgmIhJgAxNS9eHmH8.jpg,2019-11-08,8.2,4399,"['Animation', 'Family', 'Adventure', 'Comedy', 'Fantasy']",0,0,96
568332,tt9426852,Taylor Swift: Reputation Stadium Tour,"And in the death of her reputation, she felt truly alive.","Taylor Swift takes the stage in Dallas for the Reputation Stadium Tour and celebrates a monumental night of music, memories and visual magic.",/u6oXUTtOuJRPdUgUuPAVVJPSKCo.jpg,/4uMrZS7XEHRNKwHr5wSOxROanPF.jpg,2018-12-31,8.228,416,['Music'],0,0,125
527641,tt6472976,Five Feet Apart,"When life keeps you apart, fight for every inch.","Seventeen-year-old Stella spends most of her time in the hospital as a cystic fibrosis patient. Her life is full of routines, boundaries and self-control — all of which get put to the test when she meets Will, an impossibly charming teen who has the same illness. There's an instant flirtation, though restrictions dictate that they must maintain a safe distance between them. As their connection intensifies, so does the temptation to throw the rules out the window and embrace that attraction.",/kreTuJBkUjVWePRfhHZuYfhNE1T.jpg,/27ZkYMWynuK2qiDP6awc3MsCaOs.jpg,2019-03-14,8.226,5809,"['Romance', 'Drama']",7000000,92600000,116
654299,tt10946934,Out of the Clear Blue Sky,,"Returning to Earth as an imitator, the legendary Mexican artist Pedro Infante must prove that he is no longer a womanizer to enter paradise.",/xg6QZdlHrq2dtSK8cfnQQMnmpeY.jpg,/o33acwn7KliNpJRbjy4FrMSpiQ9.jpg,2019-12-24,8.225,364,"['Comedy', 'Drama', 'Music']",0,0,112
490132,tt6966692,Green Book,Inspired by a True Friendship.,"Tony Lip, a bouncer in 1962, is hired to drive pianist Don Shirley on a tour through the Deep South in the days when African Americans, forced to find alternate accommodations and services due to segregation laws below the Mason-Dixon Line, relied on a guide called The Negro Motorist Green Book.",/7BsvSuDQuoqhWmU2fL7W2GOcZHU.jpg,/2Xe9lISpwXKhvKiHttbFfVRERQX.jpg,2018-11-16,8.225,12389,"['Drama', 'Comedy', 'History']",23000000,321752656,130
25237,tt0091251,Come and See,The cruelest side of war.,"The invasion of a village in Belarus by German forces sends young Florya into the forest to join the weary Resistance fighters, against his family's wishes. There he meets a girl, Glasha, who accompanies him back to his village. On returning home, Florya finds his family and fellow peasants massacred. His continued survival amidst the brutal debris of war becomes increasingly nightmarish, a battle between despair and hope.",/qNbMsKVzigERgJUbwf8pKyZogpb.jpg,/oIQMt3Q6Qa37YD0JOdYkrIAPYDk.jpg,1985-10-17,8.2,1700,"['Drama', 'War']",0,20929648,142
857,tt0120815,Saving Private Ryan,The mission is a man.,"As U.S. troops storm the beaches of Normandy, three brothers lie dead on the battlefield, with a fourth trapped behind enemy lines. Ranger captain John Miller and seven men are tasked with penetrating German-held territory and bringing the boy home.",/uqx37cS8cpHg8U35f9U5IBlrCV3.jpg,/rW2xRFlJRbTnBJlQTSjQmjevIwb.jpg,1998-07-24,8.221,16665,"['War', 'Drama', 'History']",70000000,481840909,169
98,tt0172495,Gladiator,What we do in life echoes in eternity.,"After the death of Emperor Marcus Aurelius, his devious son takes power and demotes Maximus, one of Rome's most capable generals who Marcus preferred. Eventually, Maximus is forced to become a gladiator and battle to the death against other men for the amusement of paying audiences.",/ty8TGRuvJLPUmAR1H1nRIsgwvim.jpg,/jhk6D8pim3yaByu1801kMoxXFaX.jpg,2000-05-04,8.221,20245,"['Action', 'Drama', 'Adventure']",103000000,465516248,155
